<?xml version="1.0" encoding="UTF-8"?>
<beans xmlns="http://www.springframework.org/schema/beans"
	xmlns:xsi="http://www.w3.org/2001/XMLSchema-instance" 
	xmlns:context="http://www.springframework.org/schema/context"
	xmlns:tx="http://www.springframework.org/schema/tx"
	xsi:schemaLocation="http://www.springframework.org/schema/beans 
        http://www.springframework.org/schema/beans/spring-beans-3.0.xsd
        http://www.springframework.org/schema/context
        http://www.springframework.org/schema/context/spring-context-3.0.xsd
        http://www.springframework.org/schema/tx
        http://www.springframework.org/schema/tx/spring-tx-3.0.xsd">

	<!-- Seta anotaçoes para serem usadas pelo Spring -->
	<context:annotation-config />
	<!-- Define o pacote onde o Spring vai procurar por beans anotados -->
	<context:component-scan base-package="br.com.javamagazine.onzevencedor.service,br.com.javamagazine.onzevencedor.dao" />
	
	<!-- define que as transaçoes irao ser anotadas -->
	<tx:annotation-driven />
	<!-- Configuracao do Banco de Dados -->
	<bean id="dataSource"
		class="org.springframework.jdbc.datasource.DriverManagerDataSource">
		<property name="driverClassName" value="com.mysql.jdbc.Driver" />
		<property name="url" value="jdbc:mysql://localhost:3306/OnzeVencedorDB" />
		<property name="username" value="root" />
		<property name="password" value="41030097" />
	</bean>
	<!-- Configuracao do Hibernate -->
	<bean id="entityManagerFactory"
		class="org.springframework.orm.jpa.LocalContainerEntityManagerFactoryBean">
		<property name="persistenceUnitName" value="onzeVencedorPu" />
		<property name="dataSource" ref="dataSource" />
		<property name="jpaVendorAdapter">
			<bean class="org.springframework.orm.jpa.vendor.HibernateJpaVendorAdapter">
				<property name="databasePlatform" value="org.hibernate.dialect.MySQLDialect" />
				<property name="showSql" value="true" /> 
			</bean>
		</property>
	</bean>
	<!-- Configuracao do gerente de transacoes do Spring -->
	<bean id="transactionManager" class="org.springframework.orm.jpa.JpaTransactionManager">
		<property name="entityManagerFactory" ref="entityManagerFactory" />
	</bean>
</beans>
